day	process	state	jobs	cpu_hours
2026-10-03	FUNANNOTATE_FUNANNOTATE_PREDICTION_GENEMARK_RUN	COMPLETED	102	151.9
2026-10-03	FUNANNOTATE_FUNANNOTATE_RNASEQ_COLLECT_SRA_QUERY	COMPLETED	1	0.0
2026-10-03	FUNANNOTATE_FUNANNOTATE_RNASEQ_RNASEQ_PREPARE	COMPLETED	1	7.2
2026-10-03	PREDICT	COMPLETED	349	1572.5
2026-10-03	PREDICT	OUT_OF_MEMORY	2	8.1
2026-10-03	TRAIN	COMPLETED	67	123.9
2026-10-04	FUNANNOTATE_FUNANNOTATE_PREDICTION_BACKFILL_ABINITIO_PARAMS	COMPLETED	3	0.0
2026-10-04	FUNANNOTATE_FUNANNOTATE_PREDICTION_GENEMARK_RUN	COMPLETED	2375	2986.3
2026-10-04	FUNANNOTATE_FUNANNOTATE_PREDICTION_GENEMARK_RUN	FAILED	1	1.2
2026-10-04	FUNANNOTATE_FUNANNOTATE_PREDICTION_GENEMARK_RUN	PREEMPTED	4	5.9
2026-10-04	PREDICT	COMPLETED	4071	14583.7
2026-10-04	PREDICT	FAILED	5	1.8
2026-10-04	PREDICT	OUT_OF_MEMORY	7	42.6
2026-10-04	PREDICT	PREEMPTED	1	0.1
2026-10-04	TRAIN	COMPLETED	1278	2008.8
2026-10-04	TRAIN	PREEMPTED	15	21.3
2026-10-05	FUNANNOTATE_FUNANNOTATE_PREDICTION_BACKFILL_ABINITIO_PARAMS	COMPLETED	1	0.0
2026-10-05	FUNANNOTATE_FUNANNOTATE_PREDICTION_GENEMARK_RUN	COMPLETED	33	39.1
2026-10-05	FUNANNOTATE_FUNANNOTATE_PREDICTION_GENEMARK_RUN	PREEMPTED	1	2.1
2026-10-05	FUNANNOTATE_FUNANNOTATE_PREDICTION_GENEMARK_RUN_SIB	COMPLETED	665	1642.6
2026-10-05	FUNANNOTATE_FUNANNOTATE_PREDICTION_GENEMARK_RUN_SIB	PREEMPTED	40	76.5
2026-10-05	PREDICT	COMPLETED	213	671.7
2026-10-05	PREDICT	FAILED	10	0.9
2026-10-05	PREDICT	OUT_OF_MEMORY	2	0.4
2026-10-05	TRAIN	COMPLETED	2	2.7
2026-10-06	FUNANNOTATE_FUNANNOTATE_PREDICTION_GENEMARK_RUN_SIB	COMPLETED	1925	3732.6
2026-10-06	FUNANNOTATE_FUNANNOTATE_PREDICTION_GENEMARK_RUN_SIB	PREEMPTED	32	31.5
2026-10-06	PREDICT	COMPLETED	2573	6253.1
2026-10-06	PREDICT	NODE_FAIL	1	6.7
2026-10-06	PREDICT	PREEMPTED	33	25.0
