process,metric,root,species,hash,status,metric_value,runtime_minutes,predicted_runtime_minutes,log10_residual,workdir
FUNANNOTATE_PREDICT,gene_count,do_annotation_asco,Basidiobolus_meristosporus_CBS_931.73,86/dbb977,COMPLETED,15565.0,0.03166666666666666,190.56666511684276,-3.779444583393433,
FUNANNOTATE_PREDICT,genome_size_bp,do_annotation_asco,Basidiobolus_meristosporus_CBS_931.73,86/dbb977,COMPLETED,89489060.0,0.03166666666666666,179.74153906688025,-3.7540461055202297,
FUNANNOTATE_PREDICT,gene_count,do_annotation_asco,Phlebopus_portentosus_PP33,a4/8db419,COMPLETED,10350.0,0.02666666666666667,150.34403836365746,-3.7511174792989457,
FUNANNOTATE_PREDICT,genome_size_bp,do_annotation,Aspergillus_parasiticus_GA10_9_ap28,5f/1cd9cb,COMPLETED,38412875.0,0.02333333333333333,123.50282530787882,-3.723700107536608,
FUNANNOTATE_PREDICT,gene_count,do_annotation_asco,Cladobotryum_mycophilum_ATHUM6906,0f/0b1e14,COMPLETED,11276.0,0.03166666666666666,158.01869521332307,-3.698106120864173,
FUNANNOTATE_PREDICT,gene_count,do_annotation_asco,Lyophyllum_shimeji_AT787,81/de3277,COMPLETED,11034.0,0.03166666666666666,156.03934178267096,-3.692631759099556,
FUNANNOTATE_PREDICT,num_scaffolds,do_annotation_asco,Basidiobolus_meristosporus_CBS_931.73,86/dbb977,COMPLETED,1366.0,0.03166666666666666,155.84481657043904,-3.6920900115631357,
FUNANNOTATE_PREDICT,num_scaffolds,do_annotation,Aspergillus_parasiticus_GA10_9_ap28,5f/1cd9cb,COMPLETED,158.0,0.02333333333333333,113.57577024961493,-3.6873089055059425,
FUNANNOTATE_PREDICT,repeat_masked_pct,do_annotation_asco,Basidiobolus_meristosporus_CBS_931.73,86/dbb977,COMPLETED,40.09,0.03166666666666666,148.95776800652467,-3.672460805618349,
FUNANNOTATE_PREDICT,repeat_masked_pct,do_annotation,Aspergillus_parasiticus_GA10_9_ap28,5f/1cd9cb,COMPLETED,4.77,0.02333333333333333,106.0227493259491,-3.6574222766370057,
FUNANNOTATE_PREDICT,repeat_masked_pct,do_annotation_asco,Phlebopus_portentosus_PP33,a4/8db419,COMPLETED,11.84,0.02666666666666667,113.48983517780333,-3.6289882330112286,
FUNANNOTATE_PREDICT,genome_size_bp,do_annotation_asco,Phlebopus_portentosus_PP33,a4/8db419,COMPLETED,30312233.0,0.02666666666666667,111.18274662216324,-3.6200686662314423,
FUNANNOTATE_PREDICT,genome_size_bp,do_annotation_asco,Cladobotryum_mycophilum_ATHUM6906,0f/0b1e14,COMPLETED,40679719.0,0.03166666666666666,126.68516717463233,-3.602123418289705,
FUNANNOTATE_PREDICT,num_scaffolds,do_annotation_asco,Phlebopus_portentosus_PP33,a4/8db419,COMPLETED,79.0,0.02666666666666667,102.59621123187752,-3.5851625907698845,
FUNANNOTATE_PREDICT,num_scaffolds,do_annotation,Neurospora_discreta_P3-C1-5,cf/3a9c50,COMPLETED,433.0,0.03666666666666667,131.67571290618167,-3.5552342479133987,
FUNANNOTATE_PREDICT,genome_size_bp,do_annotation_asco,Lyophyllum_shimeji_AT787,81/de3277,COMPLETED,31832377.0,0.03166666666666666,113.62312699249505,-3.5548643866418868,
FUNANNOTATE_PREDICT,repeat_masked_pct,do_annotation_asco,Cladobotryum_mycophilum_ATHUM6906,0f/0b1e14,COMPLETED,11.61,0.03166666666666666,113.23883501486898,-3.5533930421866105,
FUNANNOTATE_PREDICT,repeat_masked_pct,do_annotation,Neurospora_discreta_P3-C1-5,cf/3a9c50,COMPLETED,26.29,0.03666666666666667,130.42739026540983,-3.5510973740861207,
FUNANNOTATE_PREDICT,num_scaffolds,do_annotation,Neurospora_discreta_FGSC_26655,94/cdbd80,COMPLETED,485.0,0.03833333333333333,133.88444278538688,-3.5431535298023418,
FUNANNOTATE_PREDICT,gene_count,do_annotation_asco,Entomortierella_parvispora_E1425,09/aa206b,COMPLETED,4780.0,0.03666666666666667,95.9729594188082,-3.4178774564610883,
FUNANNOTATE_TRAIN,genome_size_bp,do_annotation_asco,Austropuccinia_psidii_Au3-C622-A115012,e4/49f4ac,COMPLETED,1073584748.0,0.016516666666666666,29.750003406640804,-3.2555646156935323,
FUNANNOTATE_TRAIN,repeat_masked_pct,do_annotation_asco,Austropuccinia_psidii_Au3-C622-A115012,e4/49f4ac,COMPLETED,66.11,0.016516666666666666,27.53852030787926,-3.222018197055757,
FUNANNOTATE_TRAIN,genome_size_bp,do_annotation_asco,Austropuccinia_psidii_Au3-C622-A115012,ae/1db75d,COMPLETED,1073584748.0,0.028333333333333332,29.75000340664082,-3.021189348800534,
FUNANNOTATE_TRAIN,genome_size_bp,do_annotation_asco,Austropuccinia_psidii_Au3-C622-A115012,54/b2d144,COMPLETED,1073584748.0,0.028333333333333332,29.75000340664082,-3.021189348800534,
FUNANNOTATE_TRAIN,repeat_masked_pct,do_annotation_asco,Austropuccinia_psidii_Au3-C622-A115012,ae/1db75d,COMPLETED,66.11,0.028333333333333332,27.538520307879274,-2.9876429301627585,
FUNANNOTATE_TRAIN,repeat_masked_pct,do_annotation_asco,Austropuccinia_psidii_Au3-C622-A115012,54/b2d144,COMPLETED,66.11,0.028333333333333332,27.538520307879274,-2.9876429301627585,
FUNANNOTATE_TRAIN,genome_size_bp,do_annotation_asco,Albifimbria_verrucaria_DSM_2087,53/14b0be,COMPLETED,45450092.0,0.014516666666666667,13.108857772148404,-2.9556979468780864,
FUNANNOTATE_TRAIN,num_scaffolds,do_annotation_asco,Austropuccinia_psidii_Aus_3,83/c21967,COMPLETED,21378.0,0.021666666666666667,19.44926218173048,-2.953111028855198,
FUNANNOTATE_TRAIN,genome_size_bp,do_annotation_asco,Austropuccinia_psidii_MF-1,b2/e8f8f7,COMPLETED,564633442.0,0.028333333333333332,25.186033950593554,-2.948862113455408,
FUNANNOTATE_TRAIN,num_scaffolds,do_annotation_asco,Cutaneotrichosporon_cutaneum_DX6412A,3d/12e2b0,COMPLETED,563.0,0.015000000000000001,13.229663087687731,-2.9454575253418573,
FUNANNOTATE_TRAIN,repeat_masked_pct,do_annotation_asco,Cutaneotrichosporon_cutaneum_F5804,e3/8cfa9b,COMPLETED,16.26,0.014816666666666667,12.980504339474457,-2.942541056114731,
FUNANNOTATE_TRAIN,num_scaffolds,do_annotation_asco,Ascochyta_rabiei_TR9571,b4/acbaa6,COMPLETED,1291.0,0.016666666666666666,14.44566359126687,-2.9378887472323223,
FUNANNOTATE_TRAIN,repeat_masked_pct,do_annotation_asco,Cutaneotrichosporon_cutaneum_DX6412A,3d/12e2b0,COMPLETED,16.09,0.015000000000000001,12.947252510531786,-2.936086359082781,
FUNANNOTATE_TRAIN,num_scaffolds,do_annotation_asco,Albifimbria_verrucaria_DSM_2087,53/14b0be,COMPLETED,320.0,0.014516666666666667,12.460957020317089,-2.9336844934520943,
FUNANNOTATE_TRAIN,num_scaffolds,do_annotation_asco,Exophiala_spinifera_FM,0b/ec5df0,COMPLETED,352.0,0.0148,12.587434783928943,-2.929675518073119,
FUNANNOTATE_TRAIN,gene_count,do_annotation_asco,Grifola_frondosa_GF01,01/7e588d,COMPLETED,13427.0,0.01565,11.577661054298298,-2.8691064892005693,
FUNANNOTATE_TRAIN,gene_count,do_annotation_asco,Albifimbria_verrucaria_DSM_2087,53/14b0be,COMPLETED,10907.0,0.014516666666666667,10.395683807400662,-2.854986157010126,
FUNANNOTATE_TRAIN,gene_count,do_annotation_asco,Exophiala_spinifera_FM,0b/ec5df0,COMPLETED,11129.0,0.0148,10.504770611814479,-2.8511248579475965,
FUNANNOTATE_TRAIN,gene_count,do_annotation_asco,Exophiala_spinifera_CBS_116557,27/6b65ee,COMPLETED,10770.0,0.016666666666666666,10.327829949597122,-2.7921603289294197,
FUNANNOTATE_TRAIN,gene_count,do_annotation_asco,Ascochyta_rabiei_TR9571,b4/acbaa6,COMPLETED,10641.0,0.016666666666666666,10.26355707332888,-2.7894491520552913,
GENEMARK_RUN,repeat_masked_pct,do_annotation,Neurospora_discreta_P3-C1-5,b7/ab0ebd,COMPLETED,26.29,0.025,14.524327572173792,-2.764156026472648,
GENEMARK_RUN,num_scaffolds,do_annotation,Neurospora_discreta_P3-C1-5,b7/ab0ebd,COMPLETED,433.0,0.025,13.202252735783343,-2.7227080336888,
GENEMARK_RUN,repeat_masked_pct,do_annotation,Neurospora_discreta_FGSC_26655,12/ea2d3b,COMPLETED,29.51,0.03666666666666667,15.046669963414187,-2.6131689647380885,
GENEMARK_RUN,num_scaffolds,do_annotation,Neurospora_discreta_FGSC_26655,12/ea2d3b,COMPLETED,485.0,0.03666666666666667,13.281612375475117,-2.5589793707429305,
GENEMARK_RUN,genome_size_bp,do_annotation,Neurospora_discreta_P3-C1-5,b7/ab0ebd,COMPLETED,1449155.0,0.025,0.7140876530942315,-1.455811515315207,
GENEMARK_RUN,genome_size_bp,do_annotation,Neurospora_discreta_FGSC_26655,12/ea2d3b,COMPLETED,1681948.0,0.03666666666666667,0.816527558522933,-1.3476994167020522,
GENEMARK_RUN,repeat_masked_pct,do_annotation,Zygosaccharomyces_sp._MG101_MG101,eb/a4a9bf,COMPLETED,5.61,0.7416666666666667,11.575747026142064,-1.1933402666402444,
GENEMARK_RUN,repeat_masked_pct,do_annotation_asco,Phakopsora_pachyrhizi_AL_Elmore_14,77/019c53,COMPLETED,10.42,175.78333333333333,12.20310254373795,1.1585074349254219,
GENEMARK_RUN,num_scaffolds,do_annotation,Zygosaccharomyces_sp._MG101_MG101,eb/a4a9bf,COMPLETED,6.0,0.7416666666666667,10.530440144827098,-1.1522377633398373,
GENEMARK_RUN,num_scaffolds,do_annotation_asco,Phakopsora_pachyrhizi_AL_Elmore_14,77/019c53,COMPLETED,350.0,175.78333333333333,13.054619821376406,1.129213466873673,
GENEMARK_RUN,num_scaffolds,do_annotation_asco,Austropuccinia_psidii_Au3-C622-A115012,b2/0e51d7,COMPLETED,20.0,121.71666666666667,11.222184622504082,1.0352726410075301,
GENEMARK_RUN_SIB,repeat_masked_pct,do_annotation,Aspergillus_quadricinctus_FKII-L3-BK-DRAB1,6c/fdfae5,COMPLETED,15.98,1.8,14.46420823807631,-0.9050221605166755,
GENEMARK_RUN_SIB,num_scaffolds,do_annotation,Neurospora_discreta_CAMH1101,16/45e652,COMPLETED,2623.0,21.75,2.706987782107316,0.9049729656883609,
GENEMARK_RUN_SIB,num_scaffolds,do_annotation,Neurospora_tetraspora_AK0451,b4/b30e51,COMPLETED,1895.0,21.683333333333334,2.734889847121219,0.8991862071906893,
GENEMARK_RUN_SIB,repeat_masked_pct,do_annotation,Neurospora_crassa_FGSC_2489,86/7340b7,COMPLETED,16.3,1.9666666666666666,15.29163628790535,-0.8907232028381752,
GENEMARK_RUN,repeat_masked_pct,do_annotation_asco,Jimgerdemannia_flammicorona_AD002,a8/e479df,COMPLETED,40.48,131.35,16.9713369684422,0.8887140205943034,
GENEMARK_RUN_SIB,num_scaffolds,do_annotation,Neurospora_discreta_AKFA31,53/81c1ad,COMPLETED,2161.0,20.466666666666665,2.723581932442985,0.8759066719059251,
GENEMARK_RUN_SIB,genome_size_bp,do_annotation,Aspergillus_chevalieri_VP_06,12/ff861f,COMPLETED,26593587.0,11.966666666666667,1.6000478912247627,0.8738402120881221,
GENEMARK_RUN_SIB,genome_size_bp,do_annotation,Aspergillus_cristatus_BL-2023a,b0/754c59,COMPLETED,26901004.0,12.283333333333333,1.6495476860228762,0.8719513625911646,
GENEMARK_RUN_SIB,num_scaffolds,do_annotation,Neurospora_discreta_CAMH1100,33/57b32c,COMPLETED,1868.0,20.2,2.736128101069586,0.8682149429609392,
GENEMARK_RUN_SIB,num_scaffolds,do_annotation,Neurospora_tetraspora_FGSC_26671,7f/aed821,COMPLETED,1921.0,20.133333333333333,2.733714536143777,0.8671625218226587,
GENEMARK_RUN_SIB,genome_size_bp,do_annotation,Aspergillus_cristatus_EC520,bb/1c2d96,COMPLETED,28145359.0,13.433333333333334,1.8596149965005866,0.858760751613564,
GENEMARK_RUN_SIB,gene_count,do_annotation,Aspergillus_sojae_TK-85,65/11d40c,COMPLETED,12502.0,17.316666666666666,2.414636891524973,0.8556124655491308,
GENEMARK_RUN_SIB,genome_size_bp,do_annotation,Aspergillus_cristatus_AC_2,b9/1f8c8e,COMPLETED,26810545.0,11.633333333333333,1.6348845513246075,0.8522170822113577,
GENEMARK_RUN_SIB,repeat_masked_pct,do_annotation,Neurospora_crassa_TR1,f1/dd1b30,COMPLETED,16.1,2.0833333333333335,14.769112577833072,-0.850595638298322,
GENEMARK_RUN_SIB,genome_size_bp,do_annotation,Aspergillus_chevalieri_P2701V1,9e/2c2d57,COMPLETED,27017540.0,11.45,1.6685581623587198,0.8364641368471006,
GENEMARK_RUN_SIB,repeat_masked_pct,do_annotation,Aspergillus_oryzae_RIB40,12/826637,COMPLETED,5.83,16.55,2.477376733685373,0.8248059435163064,
GENEMARK_RUN_SIB,gene_count,do_annotation,Aspergillus_sojae_TK-83,ba/f66f7e,COMPLETED,13395.0,16.183333333333334,2.444075084053234,0.8209534358551902,
GENEMARK_RUN_SIB,repeat_masked_pct,do_annotation,Aspergillus_oryzae_SRCM101975,67/4eb2bb,COMPLETED,5.6,15.633333333333333,2.380277338592729,0.8174240260636001,
GENEMARK_RUN_SIB,gene_count,do_annotation,Aspergillus_cristatus_EC520,bb/1c2d96,COMPLETED,8749.0,13.433333333333334,2.2679009188939143,0.7725597144446634,
GENEMARK_RUN_SIB,gene_count,do_annotation,Aspergillus_uvarum_CBS_121591,4f/92dd81,COMPLETED,10973.0,13.183333333333334,2.3599410610448635,0.7471240764077485,
GENEMARK_RUN_SIB,gene_count,do_annotation,Aspergillus_sojae_NRRL1989,4e/f95e01,COMPLETED,12586.0,13.333333333333334,2.4174785586020935,0.7415761057341665,
GENEMARK_RUN,gene_count,do_annotation_asco,Polyporus_tsugae_CCMJ4178,00/54c40b,COMPLETED,1758.0,15.666666666666666,3.405368481186304,0.6628124911706226,
GENEMARK_RUN,gene_count,do_annotation_asco,Cenococcum_geophilum_1.58,5a/66b45c,COMPLETED,11081.0,51.0,13.160129791189881,0.5883100035890267,
GENEMARK_RUN,gene_count,do_annotation_asco,Cenococcum_geophilum_1.58,c8/401ab6,COMPLETED,11081.0,49.016666666666666,13.160129791189881,0.5710836016145162,
GENEMARK_RUN,gene_count,do_annotation_asco,Ophiocordyceps_robertsii_UoM4,76/c0b63a,COMPLETED,8876.0,40.1,11.181609588057283,0.5546400480593945,
GENEMARK_RUN,gene_count,do_annotation_asco,Aspergillus_puulaauensis_MK2,79/9b1eef,COMPLETED,2776.0,16.633333333333333,4.762604057944763,0.5431348132336982,
GENEMARK_RUN,genome_size_bp,do_annotation,Zygosaccharomyces_sp._MG101_MG101,eb/a4a9bf,COMPLETED,456272.0,0.7416666666666667,0.25241580689662085,0.46809221258847505,
GENEMARK_RUN,genome_size_bp,do_annotation_asco,Hemileia_vastatrix_Race_I,0f/4e47d6,COMPLETED,747980110.0,69.35,197.19113081286272,-0.45384091210433364,
GENEMARK_RUN,genome_size_bp,do_annotation,Aspergillus_subversicolor_LH_A137,05/85eec2,COMPLETED,43917974.0,6.433333333333334,15.379018764233425,-0.3784925725379402,
FUNANNOTATE_PREDICT_SIB,num_scaffolds,do_annotation,Aspergillus_fumigatus_A-2-49L-2,d4/1572d5,COMPLETED,635.0,25.166666666666668,45.73178216314598,-0.2593924292150642,
FUNANNOTATE_PREDICT_SIB,repeat_masked_pct,do_annotation,Aspergillus_fumigatus_A-2-49L-2,d4/1572d5,COMPLETED,5.85,25.166666666666668,45.64748481759174,-0.25859115593704396,
FUNANNOTATE_PREDICT_SIB,num_scaffolds,do_annotation,Aspergillus_fumigatus_C-1-64L-2,42/9dcc42,COMPLETED,737.0,26.05,45.70304442149807,-0.24413740309993326,
FUNANNOTATE_PREDICT_SIB,num_scaffolds,do_annotation,Aspergillus_fumigatus_E-1-21-2,ff/144755,COMPLETED,586.0,26.183333333333334,45.747282043060814,-0.2423403620244966,
FUNANNOTATE_PREDICT_SIB,repeat_masked_pct,do_annotation,Aspergillus_fumigatus_C-1-64L-2,42/9dcc42,COMPLETED,4.95,26.05,45.36178536627736,-0.24088241171190594,
FUNANNOTATE_PREDICT_SIB,repeat_masked_pct,do_annotation,Aspergillus_fumigatus_E-1-21-2,ff/144755,COMPLETED,3.98,26.183333333333334,45.055866688114754,-0.2357264134754007,
FUNANNOTATE_PREDICT_SIB,num_scaffolds,do_annotation,Aspergillus_fumigatus_R1907,1b/f578e7,COMPLETED,151.0,26.783333333333335,46.009808962656905,-0.234985803654576,
FUNANNOTATE_PREDICT_SIB,gene_count,do_annotation,Aspergillus_fumigatus_A-2-49L-2,d4/1572d5,COMPLETED,9897.0,25.166666666666668,43.17641803134545,-0.23442091297966128,
FUNANNOTATE_PREDICT_SIB,genome_size_bp,do_annotation,Aspergillus_fumigatus_A-2-49L-2,d4/1572d5,COMPLETED,27656720.0,25.166666666666668,42.62249234265643,-0.22881314450373935,
FUNANNOTATE_PREDICT_SIB,repeat_masked_pct,do_annotation,Aspergillus_fumigatus_R1907,1b/f578e7,COMPLETED,4.8,26.783333333333335,45.31434294129351,-0.2283710607178948,
FUNANNOTATE_PREDICT_SIB,num_scaffolds,do_annotation,Aspergillus_fumigatus_CMMS_343,c5/94dbcf,COMPLETED,127.0,27.283333333333335,46.0434276558934,-0.22727021774157374,
FUNANNOTATE_PREDICT_SIB,repeat_masked_pct,do_annotation,Aspergillus_cristatus_2e,55/ef48a2,COMPLETED,10.61,28.033333333333335,47.18871352033001,-0.2261633964970029,
FUNANNOTATE_PREDICT_SIB,genome_size_bp,do_annotation,Aspergillus_fumigatus_C-1-64L-2,42/9dcc42,COMPLETED,28887655.0,26.05,43.36525757037133,-0.22133420261480752,
FUNANNOTATE_PREDICT_SIB,genome_size_bp,do_annotation,Aspergillus_fumigatus_E-1-21-2,ff/144755,COMPLETED,27078878.0,26.183333333333334,42.26692828586303,-0.20797575232638676,
FUNANNOTATE_PREDICT_SIB,genome_size_bp,do_annotation,Aspergillus_fumigatus_R1907,1b/f578e7,COMPLETED,28423575.0,26.783333333333335,43.08750923251874,-0.20648676309418557,
FUNANNOTATE_PREDICT_SIB,genome_size_bp,do_annotation,Aspergillus_terreus_PG6503,18/7f4dcd,COMPLETED,29893083.0,27.5,43.95789968821151,-0.20370423979355023,
FUNANNOTATE_PREDICT_SIB,gene_count,do_annotation,Aspergillus_fumigatus_C-1-99L-2,b9/f682a9,COMPLETED,9885.0,27.866666666666667,43.15590427293002,-0.1899551983686798,
FUNANNOTATE_PREDICT_SIB,gene_count,do_annotation,Aspergillus_fischeri_IBT_3007,10/9146c9,COMPLETED,9658.0,27.966666666666665,42.76496388747919,-0.18444740351986733,
FUNANNOTATE_PREDICT_SIB,gene_count,do_annotation,Aspergillus_fumigatus_D-2-47L-2,47/2fe218,COMPLETED,9893.0,28.283333333333335,43.169581793811474,-0.18364724950611966,
FUNANNOTATE_PREDICT_SIB,gene_count,do_annotation,Aspergillus_fumigatus_Z5,65/1c0f5a,COMPLETED,9826.0,28.5,43.05482398156607,-0.17917695806232858,
